hotel_id,hotel,city,review,country
0,Grand Park Hotel,New York,"The Grand Park Hotel exceeded all my expectations. The staff was friendly and accommodating, and the rooms were luxurious and comfortable. The hotel's location in the heart of New York made it convenient to explore the city's attractions. I would highly recommend this hotel to anyone visiting New York.",USA
1,Sunset Beach Resort,Phuket,"I had an amazing experience at the Sunset Beach Resort. The hotel's beachfront location offered breathtaking views of the ocean and stunning sunsets. The staff was attentive and friendly, and the rooms were spacious and beautifully decorated. The resort's amenities, including the pool and spa, were top-notch. I would definitely return to this resort in the future.",Thailand
2,Azure Palace Hotel,Paris,My stay at the Azure Palace Hotel was truly memorable. The hotel's elegant decor and luxurious rooms made me feel like royalty. The staff was attentive and went above and beyond to ensure my comfort. The hotel's location near the Eiffel Tower was perfect for exploring the city's iconic landmarks. I would highly recommend this hotel to anyone visiting Paris.,France
3,The Royal Oasis,London,"My experience at The Royal Oasis was absolutely delightful. The hotel's regal ambiance and impeccable service made me feel like a king. The rooms were spacious, elegantly furnished, and equipped with all modern amenities. The location, right in the heart of London, allowed me to easily explore the city's iconic attractions. The staff was attentive and friendly, and the food at the hotel's restaurant was exceptional. I cannot recommend The Royal Oasis enough!",United Kingdom
4,Serenity Beach Resort,Bali,"My stay at Serenity Beach Resort was pure paradise. The resort's tranquil setting right on the beach was breathtaking. The staff greeted me with warm smiles and provided excellent service throughout my stay. The bungalows were beautifully designed, offering privacy and stunning views of the ocean. The resort's spa was a haven of relaxation, and the on-site restaurant served delicious cuisine. Serenity Beach Resort exceeded all my expectations, and I cannot wait to return.",Indonesia
5,Mountain View Lodge,Banff,"Mountain View Lodge provided an unforgettable experience in Banff. The hotel's location amidst the majestic Canadian Rockies was awe-inspiring. The rooms were cozy, offering breathtaking views of the mountains. The staff was friendly and knowledgeable, providing helpful recommendations for outdoor activities. After a day of exploring, relaxing in the hotel's hot tub was pure bliss. I highly recommend Mountain View Lodge to anyone seeking a peaceful mountain getaway.",Canada
6,Seaside Paradise Resort,Cancun,"My vacation at Seaside Paradise Resort was nothing short of amazing. The resort's prime beachfront location offered crystal-clear turquoise waters and pristine white sand. The rooms were spacious, clean, and tastefully decorated. The resort's pool area was a tropical oasis, complete with palm trees and refreshing cocktails. The staff was attentive and friendly, ensuring that every aspect of my stay was perfect. I would return to Seaside Paradise Resort in a heartbeat.",Mexico
7,Alpine Retreat Hotel,Zermatt,"Alpine Retreat Hotel provided a truly enchanting experience in Zermatt. The hotel's chalet-style architecture and cozy atmosphere were delightful. The rooms were beautifully appointed, with stunning views of the snow-capped mountains. The staff was welcoming and attentive, making me feel right at home. The hotel's spa offered a range of relaxing treatments, and the on-site restaurant served delicious Swiss cuisine. I can't wait to visit Alpine Retreat Hotel again during the winter season.",Switzerland
8,Ocean Breeze Resort,Sydney,"My stay at Ocean Breeze Resort was absolutely fantastic. The hotel's location right by the beach was a dream come true. The rooms were spacious and elegantly designed, offering panoramic views of the ocean. The staff was friendly and went above and beyond to ensure a comfortable and memorable stay. The resort's facilities, including the pool and gym, were top-notch. I would highly recommend Ocean Breeze Resort for a luxurious beach getaway.",Australia
9,Majestic Plaza Hotel,Rome,"Majestic Plaza Hotel provided a truly luxurious experience in Rome. The hotel's grand architecture and opulent interiors were awe-inspiring. The rooms were elegantly furnished and offered modern amenities. The staff was attentive, accommodating every request with a smile. The hotel's central location allowed for easy exploration of Rome's historic sites. I thoroughly enjoyed my stay at Majestic Plaza Hotel and would gladly return.",Italy
10,Emerald Sands Resort,Dubai,"My experience at Emerald Sands Resort was nothing short of extraordinary. The resort's lavish surroundings and world-class service exceeded my expectations. The rooms were spacious, beautifully decorated, and provided stunning views of the Arabian Gulf. The resort's private beach and pool area offered a perfect oasis for relaxation. The staff was attentive and made sure every moment of my stay was enjoyable. I highly recommend Emerald Sands Resort for a luxurious stay in Dubai.",United Arab Emirates
11,Golden Valley Inn,Napa Valley,"My visit to the Golden Valley Inn in Napa Valley was absolutely delightful. The inn's picturesque location amidst vineyards and rolling hills was a sight to behold. The rooms were cozy, offering rustic charm and modern comforts. The staff was friendly and provided excellent recommendations for wineries and restaurants in the area. The inn's breakfast, featuring fresh local produce, was a delicious way to start the day. I would highly recommend the Golden Valley Inn for a tranquil wine country getaway.",USA
12,Royal Mirage Palace,Marrakech,"Staying at the Royal Mirage Palace was like stepping into a fairytale. The hotel's opulent architecture and exquisite Moroccan decor were breathtaking. The rooms were beautifully appointed, offering a perfect blend of luxury and comfort. The staff was attentive and made me feel like a valued guest. The hotel's spa was a haven of relaxation, and the on-site restaurant served delicious Moroccan cuisine. The location, within the vibrant city of Marrakech, made it easy to explore the city's rich cultural heritage. I would highly recommend the Royal Mirage Palace for an unforgettable Moroccan experience.",Morocco
13,Pacific Shores Resort,Honolulu,"My stay at Pacific Shores Resort in Honolulu was absolutely magical. The resort's stunning beachfront location offered breathtaking views of the Pacific Ocean. The rooms were spacious, elegantly furnished, and provided all the comforts of home. The resort's pool area was a tropical paradise, complete with palm trees and cascading waterfalls. The staff was friendly and went above and beyond to ensure a memorable stay. I would definitely return to Pacific Shores Resort for another slice of paradise.",Hawaii
14,Harmony Retreat,Buenos Aires,"Harmony Retreat provided a peaceful and rejuvenating experience in Buenos Aires. The hotel's serene surroundings and tranquil ambiance made it the perfect escape from the bustling city. The rooms were spacious, tastefully decorated, and offered all the necessary amenities. The staff was attentive and ensured that every aspect of my stay was taken care of. The hotel's spa treatments were exceptional, providing the ultimate relaxation. I would highly recommend Harmony Retreat to anyone seeking a calming retreat in Buenos Aires.",Argentina
15,Enchanted Forest Lodge,Vancouver,"Enchanted Forest Lodge offered a truly enchanting experience in Vancouver. The lodge's location in the midst of a lush forest was magical. The rooms were cozy and beautifully designed, with large windows that provided breathtaking views of the surrounding nature. The staff was friendly and accommodating, making me feel right at home. The lodge's proximity to outdoor activities such as hiking and wildlife spotting was a major plus. I would highly recommend Enchanted Forest Lodge for a serene nature retreat.",Canada
16,Paradise Bay Resort,,"My stay at Paradise Bay Resort in the Maldives was nothing short of paradise. The resort's pristine white sand beaches, turquoise waters, and overwater bungalows were a dream come true. The staff was incredibly attentive and provided exceptional service throughout my stay. The rooms were luxurious, offering stunning views of the ocean and direct access to the coral reefs. The resort's dining options were excellent, and the spa treatments were incredibly relaxing. I would highly recommend Paradise Bay Resort for an unforgettable tropical getaway.",Maldives
17,Harbor View Hotel,Cape Town,"Harbor View Hotel provided a truly memorable experience in Cape Town. The hotel's location right on the harbor offered breathtaking views of the waterfront and Table Mountain. The rooms were elegantly furnished and provided all the comforts of home. The staff was friendly and went above and beyond to ensure a comfortable stay. The hotel's rooftop restaurant served delicious cuisine, accompanied by panoramic views. I would highly recommend Harbor View Hotel to anyone visiting Cape Town.",South Africa
18,Mystic Valley Resort,Kyoto,"My stay at Mystic Valley Resort in Kyoto was truly enchanting. The resort's serene location amidst lush greenery and traditional Japanese gardens was breathtaking. The rooms were beautifully designed, offering a perfect blend of traditional aesthetics and modern comforts. The staff was warm and welcoming, providing excellent service throughout my stay. The resort's onsen, with its natural hot spring water, was incredibly rejuvenating. I would highly recommend Mystic Valley Resort for a tranquil escape in Kyoto.",Japan
19,Golden Sands Hotel,Miami,"Golden Sands Hotel provided a fantastic experience during my visit to Miami. The hotel's prime beachfront location offered stunning views of the Atlantic Ocean. The rooms were spacious, clean, and well-appointed, providing all the necessary amenities. The staff was friendly and attentive, making sure all my needs were met. The hotel's pool area was a perfect spot to relax and soak up the sun. I would definitely choose Golden Sands Hotel for my next visit to Miami.",USA
20,Cherry Blossom Inn,Tokyo,"My stay at Cherry Blossom Inn in Tokyo was absolutely wonderful. The inn's traditional Japanese architecture and peaceful ambiance made me feel like I had stepped back in time. The rooms were beautifully decorated, featuring tatami floors and sliding doors. The staff was incredibly friendly and attentive, providing a warm welcome and excellent service. The inn's location in a quiet neighborhood allowed for a restful stay, while still being close to Tokyo's bustling city center. I would highly recommend Cherry Blossom Inn for a traditional Japanese experience.",Japan
21,Royal Palm Resort,Palm Springs,"My stay at Royal Palm Resort in Palm Springs was absolutely delightful. The resort's lush palm tree-lined grounds and picturesque views of the desert were stunning. The rooms were spacious, clean, and tastefully decorated. The staff was friendly and went out of their way to ensure a comfortable and memorable stay. The resort's pool area was a perfect oasis for relaxation, complete with cabanas and refreshing drinks. I would highly recommend Royal Palm Resort for a luxurious desert getaway.",USA
22,Tropical Haven Hotel,Rio de Janeiro,"Tropical Haven Hotel provided an amazing experience in Rio de Janeiro. The hotel's tropical surroundings and close proximity to the beach were ideal. The rooms were comfortable, offering beautiful views of the city or the ocean. The staff was friendly and provided excellent recommendations for exploring the vibrant city. The hotel's rooftop pool and bar were a highlight, offering panoramic views and delicious cocktails. I would highly recommend Tropical Haven Hotel for a memorable stay in Rio de Janeiro.",Brazil
23,Golden Nugget Resort,Las Vegas,"My stay at Golden Nugget Resort in Las Vegas was nothing short of spectacular. The hotel's vibrant atmosphere and world-class amenities made it an unforgettable experience. The rooms were spacious, elegantly furnished, and offered breathtaking views of the Las Vegas Strip. The staff was friendly and provided top-notch service throughout my stay. The resort's casino, restaurants, and entertainment options kept me entertained day and night. I would highly recommend Golden Nugget Resort for a luxurious Las Vegas getaway.",USA
24,Evergreen Retreat,Vancouver Island,"Evergreen Retreat provided a serene and rejuvenating experience on Vancouver Island. The retreat's secluded location amidst towering trees and peaceful nature was a true escape from the hustle and bustle of everyday life. The cabins were cozy, well-equipped, and blended perfectly with the surroundings. The staff was friendly and made sure every aspect of my stay was taken care of. Exploring the nearby hiking trails and immersing myself in nature was a highlight of my visit. I highly recommend Evergreen Retreat for a tranquil nature retreat.",Canada
25,Royal Orchid Hotel,Bangkok,"My stay at Royal Orchid Hotel in Bangkok was absolutely fantastic. The hotel's central location made it convenient to explore the city's vibrant attractions. The rooms were spacious, clean, and offered all the necessary amenities for a comfortable stay. The staff was friendly, attentive, and provided excellent service. The hotel's rooftop restaurant offered delicious cuisine and stunning views of the city skyline. I would highly recommend Royal Orchid Hotel for a memorable stay in Bangkok.",Thailand
26,Casa Bella Inn,Barcelona,"Casa Bella Inn provided a charming and authentic experience in Barcelona. The inn's traditional Spanish architecture and warm ambiance made me feel right at home. The rooms were cozy, tastefully decorated, and offered all the comforts needed for a pleasant stay. The staff was friendly, welcoming, and provided excellent recommendations for exploring the city's cultural gems. The inn's central location allowed me to easily explore Barcelona's vibrant neighborhoods and iconic landmarks. I would highly recommend Casa Bella Inn for a memorable stay in Barcelona.",Spain
27,Safari Adventure Lodge,Maasai Mara,"My stay at Safari Adventure Lodge in Maasai Mara was an unforgettable experience. The lodge's location in the heart of the wildlife-rich savannah provided incredible opportunities for wildlife sightings. The rooms were comfortable, offering panoramic views of the surrounding wilderness. The staff was knowledgeable and went above and beyond to ensure a memorable safari experience. The lodge's guided game drives and bush walks allowed me to fully immerse myself in the beauty of Maasai Mara. I would highly recommend Safari Adventure Lodge for a remarkable African safari.",Kenya
28,Cascade Mountain Resort,Banff,"Cascade Mountain Resort provided an exceptional mountain getaway in Banff. The resort's location amidst the picturesque Canadian Rockies was breathtaking. The rooms were spacious, beautifully decorated, and offered stunning views of the mountains. The staff was friendly and provided excellent recommendations for outdoor activities, such as hiking and skiing. After a day of adventure, relaxing by the cozy fireplace in the resort's lounge was pure bliss. I would highly recommend Cascade Mountain Resort for a memorable mountain retreat.",Canada
29,Paradise Cove Resort,,"My stay at Paradise Cove Resort in Fiji was like a dream come true. The resort's idyllic beachfront location, with pristine white sand and turquoise waters, was truly paradise. The rooms were luxurious, offering breathtaking views of the ocean and direct access to the beach. The staff was warm and welcoming, making me feel like a valued guest. The resort's activities, including snorkeling and island tours, allowed me to fully experience the beauty of Fiji. I would highly recommend Paradise Cove Resort for an unforgettable tropical getaway.",Fiji
30,Urban Oasis Hotel,New Orleans,"Urban Oasis Hotel provided a wonderful experience during my visit to New Orleans. The hotel's central location in the heart of the city allowed for easy exploration of its vibrant culture and rich history. The rooms were stylish, comfortable, and offered all the necessary amenities. The staff was friendly and provided excellent recommendations for local attractions and dining. The hotel's rooftop terrace provided a tranquil oasis amidst the bustling city. I would highly recommend Urban Oasis Hotel for a memorable stay in New Orleans.",USA
31,Island Paradise Resort,Phuket,"My stay at Island Paradise Resort in Phuket was absolutely incredible. The resort's tropical setting and stunning beachfront location offered a true slice of paradise. The rooms were spacious, beautifully decorated, and provided all the comforts needed for a luxurious stay. The staff was attentive, friendly, and made me feel like a VIP. The resort's infinity pool and spa were perfect for relaxation and rejuvenation. I would highly recommend Island Paradise Resort for a memorable beach getaway in Phuket.",Thailand
32,Grand Plaza Hotel,Chicago,"Grand Plaza Hotel provided an exceptional experience during my visit to Chicago. The hotel's central location in the Magnificent Mile allowed for easy access to the city's top attractions and shopping. The rooms were elegant, spacious, and offered panoramic views of the city skyline. The staff was friendly, professional, and provided top-notch service. The hotel's rooftop bar provided a perfect spot to unwind and enjoy breathtaking views. I would highly recommend Grand Plaza Hotel for a memorable stay in Chicago.",USA
33,Enchanted Garden Resort,Ubud,"My stay at Enchanted Garden Resort in Ubud was truly magical. The resort's lush tropical gardens and serene surroundings provided a peaceful escape from the outside world. The rooms were beautifully designed, offering a perfect blend of traditional Balinese aesthetics and modern comforts. The staff was friendly, attentive, and provided excellent service. The resort's spa treatments and yoga classes were incredibly rejuvenating. I would highly recommend Enchanted Garden Resort for a tranquil retreat in Ubud.",Bali
34,Golden Gate Hotel,San Francisco,"Golden Gate Hotel provided a charming and memorable experience in San Francisco. The hotel's historic Victorian architecture and cozy ambiance transported me back in time. The rooms were tastefully decorated, offering a unique blend of vintage charm and modern comforts. The staff was welcoming, friendly, and provided excellent recommendations for exploring the city. The hotel's central location allowed for easy access to popular attractions such as the Golden Gate Park and Fisherman's Wharf. I would highly recommend Golden Gate Hotel for a delightful stay in San Francisco.",USA
35,Tropical Paradise Resort,Cairns,"My stay at Tropical Paradise Resort in Cairns was absolutely fantastic. The resort's tropical setting amidst lush gardens and close proximity to the Great Barrier Reef was a dream come true. The rooms were spacious, clean, and offered all the necessary amenities for a comfortable stay. The staff was friendly, attentive, and provided excellent service. The resort's pool area was a perfect spot to relax and enjoy the sunshine. I would highly recommend Tropical Paradise Resort for an unforgettable stay in Cairns.",Australia
36,Majestic Mountain Lodge,Aspen,"Majestic Mountain Lodge provided an exceptional mountain retreat in Aspen. The lodge's location amidst the towering peaks and pristine nature was breathtaking. The rooms were cozy, beautifully decorated, and offered stunning views of the surrounding mountains. The staff was warm, attentive, and provided excellent recommendations for outdoor activities such as skiing and hiking. After a day of adventure, relaxing by the lodge's fireplace was pure bliss. I would highly recommend Majestic Mountain Lodge for a memorable stay in Aspen.",USA
37,Azure Bay Resort,Santorini,"My stay at Azure Bay Resort in Santorini was absolutely breathtaking. The resort's cliffside location offered panoramic views of the Aegean Sea and the iconic Santorini sunsets. The rooms were elegant, beautifully designed, and provided all the comforts needed for a luxurious stay. The staff was attentive, friendly, and made me feel like a valued guest. The resort's infinity pool and spa were perfect for relaxation and indulgence. I would highly recommend Azure Bay Resort for an unforgettable stay in Santorini.",Greece
38,Palm Paradise Hotel,,"My stay at Palm Paradise Hotel in Mauritius was a true tropical paradise. The hotel's beachfront location offered pristine white sand and turquoise waters, creating a picture-perfect setting. The rooms were spacious, clean, and offered beautiful views of the ocean. The staff was friendly, attentive, and provided excellent service. The hotel's water sports activities and beachfront dining options were a major highlight. I would highly recommend Palm Paradise Hotel for an idyllic island getaway.",Mauritius
39,Tranquil Haven Resort,Koh Samui,"Tranquil Haven Resort provided a peaceful and rejuvenating experience in Koh Samui. The resort's serene surroundings and lush tropical gardens created a tranquil ambiance. The rooms were spacious, beautifully decorated, and offered all the necessary amenities for a comfortable stay. The staff was attentive, friendly, and made me feel right at home. The resort's spa treatments and yoga classes were incredibly relaxing. I would highly recommend Tranquil Haven Resort for a rejuvenating retreat in Koh Samui.",Thailand
40,Mountain Vista Lodge,Queenstown,"My stay at Mountain Vista Lodge in Queenstown was absolutely breathtaking. The lodge's location amidst the stunning Southern Alps provided panoramic views of the surrounding mountains and Lake Wakatipu. The rooms were cozy, beautifully furnished, and offered all the comforts needed for a memorable stay. The staff was warm, attentive, and provided excellent recommendations for outdoor activities such as skiing and hiking. After a day of adventure, relaxing in the lodge's hot tub while gazing at the starry sky was pure bliss. I would highly recommend Mountain Vista Lodge for a remarkable stay in Queenstown.",New Zealand
41,Royal Palm Resort,Boracay,"My stay at Royal Palm Resort in Boracay was absolutely fantastic. The resort's pristine white sand beach and crystal-clear waters were truly paradise. The rooms were spacious, elegantly furnished, and offered breathtaking views of the ocean. The staff was friendly, attentive, and provided exceptional service. The resort's pool area and beachfront dining options were a major highlight. I would highly recommend Royal Palm Resort for an unforgettable beach getaway in Boracay.",Philippines
42,Golden Horizon Hotel,Hawaii,"Golden Horizon Hotel provided a perfect beachfront escape in Hawaii. The hotel's prime location right on the golden sandy beach was a dream come true. The rooms were spacious, clean, and offered beautiful views of the ocean. The staff was friendly, attentive, and went above and beyond to ensure a memorable stay. The hotel's beach amenities, including loungers and umbrellas, made it easy to relax and soak up the sun. I would highly recommend Golden Horizon Hotel for an unforgettable Hawaiian getaway.",USA
43,Tropical Retreat Resort,Cancun,"My stay at Tropical Retreat Resort in Cancun was absolutely incredible. The resort's beachfront location and turquoise waters created a true tropical paradise. The rooms were spacious, beautifully decorated, and provided all the necessary amenities for a comfortable stay. The staff was friendly, attentive, and made me feel like a valued guest. The resort's pool area, complete with palm trees and swim-up bar, was perfect for relaxation and enjoyment. I would highly recommend Tropical Retreat Resort for a memorable beach vacation in Cancun.",Mexico
44,Mountain View Resort,Lake Tahoe,"Mountain View Resort provided a spectacular mountain retreat in Lake Tahoe. The resort's location amidst the towering Sierra Nevada mountains and crystal-clear lake was breathtaking. The rooms were spacious, elegantly furnished, and offered stunning views of the surrounding nature. The staff was warm, attentive, and provided excellent recommendations for outdoor activities such as hiking and skiing. After a day of adventure, unwinding by the resort's fireplace was pure bliss. I would highly recommend Mountain View Resort for a memorable stay in Lake Tahoe.",USA
45,Coastal Haven Hotel,Gold Coast,"Coastal Haven Hotel provided a perfect beachfront getaway on the Gold Coast. The hotel's location right by the sandy beach and sparkling ocean was a dream come true. The rooms were spacious, clean, and offered beautiful views of the coastline. The staff was friendly, attentive, and provided exceptional service. The hotel's beach amenities, including sun loungers and umbrellas, made it easy to relax and enjoy the seaside. I would highly recommend Coastal Haven Hotel for an unforgettable beach vacation.",Australia
46,Tropical Paradise Resort,Phuket,"My stay at Tropical Paradise Resort in Phuket was absolutely amazing. The resort's lush tropical surroundings and prime beachfront location created a true paradise. The rooms were spacious, beautifully decorated, and provided all the comforts needed for a luxurious stay. The staff was attentive, friendly, and made me feel like a VIP. The resort's infinity pool and spa were perfect for relaxation and indulgence. I would highly recommend Tropical Paradise Resort for an unforgettable beach getaway in Phuket.",Thailand
47,Harmony Retreat,Buenos Aires,"Harmony Retreat provided a peaceful and rejuvenating experience in Buenos Aires. The retreat's serene surroundings and tranquil ambiance made it the perfect escape from the bustling city. The rooms were spacious, tastefully decorated, and offered all the necessary amenities. The staff was friendly, welcoming, and provided excellent recommendations for exploring the vibrant city. The retreat's yoga classes and spa treatments were incredibly rejuvenating. I would highly recommend Harmony Retreat for a calming retreat in Buenos Aires.",Argentina
48,Enchanted Forest Lodge,Vancouver,"Enchanted Forest Lodge offered a truly enchanting experience in Vancouver. The lodge's location amidst a lush forest and tranquil nature was breathtaking. The rooms were cozy, beautifully designed, and offered all the comforts needed for a memorable stay. The staff was warm, attentive, and provided exceptional service. Exploring the nearby hiking trails and immersing myself in nature was a highlight of my visit. I would highly recommend Enchanted Forest Lodge for a peaceful retreat in Vancouver.",Canada
49,Paradise Cove Resort,,"My stay at Paradise Cove Resort in the Maldives was like a dream come true. The resort's idyllic beachfront location, with pristine white sand and crystal-clear waters, was pure paradise. The rooms were luxurious, offering stunning views of the ocean and direct access to the coral reefs. The staff was friendly, attentive, and provided exceptional service throughout my stay. The resort's dining options, spa treatments, and water sports activities were outstanding. I would highly recommend Paradise Cove Resort for an unforgettable tropical getaway.",Maldives
50,Harbor View Hotel,Cape Town,"Harbor View Hotel provided a truly memorable experience in Cape Town. The hotel's location right on the harbor offered breathtaking views of the waterfront and Table Mountain. The rooms were elegant, spacious, and offered all the comforts needed for a luxurious stay. The staff was friendly, attentive, and provided excellent service throughout my stay. The hotel's rooftop restaurant served delicious cuisine, accompanied by panoramic views. I would highly recommend Harbor View Hotel for a memorable stay in Cape Town.",South Africa
51,Mystic Valley Resort,Kyoto,"My stay at Mystic Valley Resort in Kyoto was truly enchanting. The resort's serene surroundings and traditional Japanese aesthetics created a tranquil ambiance. The rooms were beautifully designed, offering a perfect blend of comfort and Japanese elegance. The staff was attentive, friendly, and made me feel right at home. The resort's traditional tea ceremonies and onsen baths were incredibly relaxing. I would highly recommend Mystic Valley Resort for an authentic Japanese experience in Kyoto.",Japan
52,Golden Sands Hotel,Miami,"Golden Sands Hotel provided a fantastic experience during my visit to Miami. The hotel's prime beachfront location offered stunning views of the Atlantic Ocean. The rooms were spacious, clean, and well-appointed, providing all the necessary amenities. The staff was friendly, attentive, and provided exceptional service. The hotel's pool area and beachfront dining options were perfect for relaxation and enjoyment. I would highly recommend Golden Sands Hotel for a memorable stay in Miami.",USA
53,Cherry Blossom Inn,Tokyo,"My stay at Cherry Blossom Inn in Tokyo was absolutely wonderful. The inn's traditional Japanese architecture and tranquil ambiance made me feel like I had stepped into a different era. The rooms were beautifully decorated, featuring tatami floors and sliding doors. The staff was friendly, attentive, and made me feel like a valued guest. The inn's central location allowed for easy exploration of Tokyo's vibrant neighborhoods and iconic landmarks. I would highly recommend Cherry Blossom Inn for an authentic Japanese experience in Tokyo.",Japan
54,Royal Mirage Palace,Marrakech,"Staying at the Royal Mirage Palace was a truly magical experience. The hotel's opulent Moroccan architecture and luxurious amenities were awe-inspiring. The rooms were beautifully appointed, offering a perfect blend of comfort and elegance. The staff was warm, attentive, and provided exceptional service. The hotel's spa treatments and traditional Moroccan cuisine were outstanding. The hotel's location within the vibrant city of Marrakech allowed for easy exploration of its rich cultural heritage. I would highly recommend Royal Mirage Palace for an unforgettable Moroccan experience.",Morocco
55,Pacific Shores Resort,Honolulu,"My stay at Pacific Shores Resort in Honolulu was absolutely magical. The resort's stunning beachfront location offered breathtaking views of the Pacific Ocean. The rooms were spacious, elegantly furnished, and offered all the comforts needed for a luxurious stay. The staff was friendly, attentive, and provided exceptional service. The resort's amenities, including the pool, spa, and beachfront dining options, were outstanding. I would highly recommend Pacific Shores Resort for an unforgettable Hawaiian getaway.",Hawaii
56,Alpine Retreat Hotel,Zermatt,"Alpine Retreat Hotel provided a truly enchanting experience in Zermatt. The hotel's charming chalet-style architecture and picturesque mountain views were breathtaking. The rooms were cozy, elegantly furnished, and offered all the comforts needed for a memorable stay. The staff was warm, attentive, and made me feel right at home. The hotel's spa facilities and traditional Swiss cuisine were outstanding. I would highly recommend Alpine Retreat Hotel for a memorable stay in Zermatt.",Switzerland
57,Ocean Breeze Resort,Sydney,"My stay at Ocean Breeze Resort in Sydney was absolutely fantastic. The resort's beachfront location offered stunning views of the ocean and a tranquil atmosphere. The rooms were spacious, clean, and beautifully designed, providing all the comforts needed for a luxurious stay. The staff was friendly, attentive, and provided exceptional service. The resort's pool area, spa, and beachfront dining options were outstanding. I would highly recommend Ocean Breeze Resort for an unforgettable beach getaway in Sydney.",Australia
58,Majestic Plaza Hotel,Rome,"Majestic Plaza Hotel provided a truly luxurious experience in Rome. The hotel's grand architecture and elegant interiors were breathtaking. The rooms were spacious, beautifully furnished, and offered all the comforts needed for a luxurious stay. The staff was attentive, professional, and provided exceptional service. The hotel's central location allowed for easy exploration of Rome's historic sites and cultural landmarks. I would highly recommend Majestic Plaza Hotel for a memorable stay in Rome.",Italy
59,Emerald Sands Resort,Dubai,"My stay at Emerald Sands Resort in Dubai was nothing short of extraordinary. The resort's luxurious amenities and breathtaking views of the Arabian Gulf were awe-inspiring. The rooms were spacious, elegantly furnished, and offered all the comforts needed for a lavish stay. The staff was friendly, attentive, and provided exceptional service. The resort's private beach, pool area, and world-class dining options were outstanding. I would highly recommend Emerald Sands Resort for a luxurious stay in Dubai.",United Arab Emirates
60,Golden Valley Inn,Napa Valley,"My visit to the Golden Valley Inn in Napa Valley was absolutely delightful. The inn's picturesque location amidst vineyards and rolling hills created a serene ambiance. The rooms were cozy, beautifully decorated, and offered all the comforts needed for a pleasant stay. The staff was friendly, welcoming, and provided exceptional service. The inn's breakfast, featuring fresh local produce, was a delicious way to start the day. I would highly recommend the Golden Valley Inn for a memorable wine country getaway.",USA
61,Royal Palm Resort,,"Royal Palm Resort provided an exceptional stay in Mauritius. The resort's prime beachfront location and lush tropical surroundings created a true paradise. The rooms were spacious, elegantly furnished, and offered stunning views of the ocean. The staff was friendly, attentive, and provided exceptional service. The resort's amenities, including the pool, spa, and beachfront dining options, were outstanding. I would highly recommend Royal Palm Resort for an unforgettable tropical getaway in Mauritius.",Mauritius
62,Tranquil Haven Resort,Koh Samui,"Tranquil Haven Resort provided a peaceful and rejuvenating experience in Koh Samui. The resort's serene surroundings and lush tropical gardens created a tranquil ambiance. The rooms were spacious, beautifully decorated, and offered all the comforts needed for a pleasant stay. The staff was attentive, friendly, and provided exceptional service. The resort's spa treatments and yoga classes were outstanding. I would highly recommend Tranquil Haven Resort for a relaxing retreat in Koh Samui.",Thailand
63,Mountain Vista Lodge,Queenstown,"My stay at Mountain Vista Lodge in Queenstown was absolutely breathtaking. The lodge's location amidst the majestic mountains and stunning natural beauty was awe-inspiring. The rooms were cozy, beautifully furnished, and offered breathtaking views of the surrounding landscape. The staff was friendly, attentive, and provided exceptional service. The lodge's amenities, including the fireplace and hot tub, added to the overall experience. I would highly recommend Mountain Vista Lodge for a remarkable stay in Queenstown.",New Zealand
64,Coastal Haven Hotel,Gold Coast,"Coastal Haven Hotel provided a fantastic beachfront getaway on the Gold Coast. The hotel's prime location right on the sandy beach and close proximity to the ocean was ideal. The rooms were spacious, clean, and offered beautiful views of the coastline. The staff was friendly, attentive, and provided exceptional service. The hotel's beach amenities, including loungers and umbrellas, made it easy to relax and enjoy the seaside. I would highly recommend Coastal Haven Hotel for an unforgettable beach vacation.",Australia
65,Pacific Shores Resort,Honolulu,"My stay at Pacific Shores Resort was absolutely incredible. The resort's beachfront location provided breathtaking views of the ocean. The rooms were spacious, clean, and beautifully decorated. The staff was friendly and attentive, ensuring a memorable experience. The resort's amenities, including the pool and spa, were outstanding. I would highly recommend Pacific Shores Resort for a luxurious beach getaway.",Hawaii
66,Pacific Shores Resort,Honolulu,"I had high expectations for Pacific Shores Resort, but unfortunately, it fell short. The rooms were outdated and in need of renovation. The staff seemed disinterested and unhelpful. The resort's amenities were subpar compared to other options in the area. I was disappointed with my stay and would not recommend this resort.",Hawaii
67,Harmony Retreat,Buenos Aires,"Harmony Retreat exceeded my expectations in every way. The serene surroundings and peaceful ambiance provided the perfect escape from the city. The rooms were beautifully designed and offered all the comforts of home. The staff was friendly, attentive, and made me feel truly welcome. The retreat's spa treatments were exceptional, leaving me feeling rejuvenated. I would highly recommend Harmony Retreat for a calming and rejuvenating experience.",Argentina
68,Harmony Retreat,Buenos Aires,"I had a disappointing experience at Harmony Retreat. The rooms were small and poorly maintained. The staff was unprofessional and inattentive to guests' needs. The spa treatments were subpar, and the overall ambiance was lacking. I would not recommend Harmony Retreat.",Argentina
69,Enchanted Forest Lodge,Vancouver,"Enchanted Forest Lodge provided a truly enchanting stay. The lodge's location amidst nature was breathtaking. The rooms were cozy, beautifully decorated, and offered stunning views. The staff was friendly, welcoming, and provided excellent service. The lodge's proximity to outdoor activities was a major plus. I would highly recommend Enchanted Forest Lodge for a serene nature retreat.",Canada
70,Enchanted Forest Lodge,Vancouver,"I had a disappointing experience at Enchanted Forest Lodge. The rooms were cramped and lacked basic amenities. The staff seemed indifferent and unhelpful. The lodge's location, although surrounded by nature, was inconvenient for accessing other attractions. I would not recommend Enchanted Forest Lodge.",Canada
71,Paradise Bay Resort,,"My stay at Paradise Bay Resort was nothing short of paradise. The resort's stunning beaches, crystal-clear waters, and luxurious overwater bungalows were incredible. The staff was attentive, friendly, and provided exceptional service. The resort's dining options were fantastic, and the spa treatments were incredibly relaxing. I would highly recommend Paradise Bay Resort for a tropical getaway.",Maldives
72,Paradise Bay Resort,,"Paradise Bay Resort did not meet my expectations. The overwater bungalow I stayed in had maintenance issues, and the staff was slow to address them. The dining options were limited and overpriced. The resort's beach was overcrowded, making it difficult to find a spot to relax. I would not recommend Paradise Bay Resort.",Maldives
73,Golden Sands Hotel,Miami,"Golden Sands Hotel provided a fantastic experience in Miami. The beachfront location was perfect, and the views were stunning. The rooms were spacious, clean, and well-appointed. The staff was friendly, attentive, and provided exceptional service. The hotel's amenities, including the pool and beach access, were excellent. I would highly recommend Golden Sands Hotel for a memorable stay in Miami.",USA
74,Golden Sands Hotel,Miami,"I was disappointed with my stay at Golden Sands Hotel. The room I was assigned had a musty odor and outdated furnishings. The staff seemed overwhelmed and unable to provide satisfactory service. The hotel's amenities were lackluster, and the beach access was overcrowded. I would not recommend Golden Sands Hotel.",USA
75,Cherry Blossom Inn,Tokyo,"Cherry Blossom Inn provided a delightful stay in Tokyo. The inn's traditional Japanese design and serene atmosphere created a peaceful ambiance. The rooms were comfortable, clean, and tastefully decorated. The staff was friendly, accommodating, and provided helpful recommendations. The inn's location allowed for easy exploration of Tokyo's cultural sites. I would highly recommend Cherry Blossom Inn for an authentic Japanese experience.",Japan
76,Cherry Blossom Inn,Tokyo,"Unfortunately, my experience at Cherry Blossom Inn was disappointing. The rooms were small and lacked proper ventilation. The staff seemed disorganized and unresponsive to guests' needs. The inn's location was inconvenient, requiring long commutes to popular attractions. I would not recommend Cherry Blossom Inn.",Japan
77,Royal Mirage Palace,Marrakech,"Staying at the Royal Mirage Palace was an unforgettable experience. The palace's grand architecture, opulent interiors, and impeccable service were beyond compare. The rooms were luxurious, spacious, and beautifully furnished. The staff went above and beyond to ensure a memorable stay. The palace's spa treatments and dining options were outstanding. I would highly recommend the Royal Mirage Palace for a lavish and indulgent stay in Marrakech.",Morocco
78,Royal Mirage Palace,Marrakech,"My expectations were high for the Royal Mirage Palace, but unfortunately, it fell short. The palace's grandeur was overshadowed by subpar service and maintenance issues. The rooms were not properly cleaned, and the staff seemed indifferent to guests' concerns. The dining options were overpriced and underwhelming. I would not recommend the Royal Mirage Palace.",Morocco
79,Cascade Mountain Resort,Banff,"Cascade Mountain Resort provided a fantastic mountain getaway in Banff. The resort's location amidst the stunning Canadian Rockies was breathtaking. The rooms were spacious, clean, and offered picturesque views of the mountains. The staff was friendly, attentive, and provided excellent recommendations for outdoor activities. The resort's amenities, including the pool and fireplace lounge, added to the overall experience. I would highly recommend Cascade Mountain Resort for a memorable stay in Banff.",Canada
80,Cascade Mountain Resort,Banff,"I had a disappointing experience at Cascade Mountain Resort. The rooms were outdated and in need of renovation. The staff seemed overwhelmed and unable to provide satisfactory service. The resort's amenities were lacking, and the overall atmosphere was underwhelming. I would not recommend Cascade Mountain Resort.",Canada
81,Urban Oasis Hotel,New Orleans,"Urban Oasis Hotel provided a wonderful stay in New Orleans. The hotel's central location allowed for easy exploration of the city's vibrant culture. The rooms were stylish, clean, and offered all the necessary amenities. The staff was friendly, helpful, and provided excellent recommendations for local attractions and dining. The hotel's rooftop terrace provided a tranquil oasis amidst the bustling city. I would highly recommend Urban Oasis Hotel for a memorable stay in New Orleans.",USA
82,Urban Oasis Hotel,New Orleans,"I had a subpar experience at Urban Oasis Hotel. The rooms were small and lacked proper soundproofing, making it difficult to sleep. The staff seemed disengaged and uninterested in guests' needs. The hotel's location, although central, was noisy and bustling. I would not recommend Urban Oasis Hotel.",USA
83,Island Paradise Resort,Phuket,"My stay at Island Paradise Resort was absolutely amazing. The resort's tropical setting and stunning beachfront location provided a true slice of paradise. The rooms were spacious, clean, and beautifully designed. The staff was attentive, friendly, and made me feel like a valued guest. The resort's amenities, including the infinity pool and beachfront dining, were outstanding. I would highly recommend Island Paradise Resort for an unforgettable beach getaway in Phuket.",Thailand
84,Island Paradise Resort,Phuket,Island Paradise Resort did not live up to its name. The rooms were cramped and lacked proper maintenance. The staff seemed overwhelmed and unable to provide satisfactory service. The resort's beachfront area was crowded and noisy. I would not recommend Island Paradise Resort.,Thailand
85,Majestic Plaza Hotel,Rome,"Majestic Plaza Hotel provided an exceptional stay in Rome. The hotel's grand architecture, elegant interiors, and attentive service created a luxurious atmosphere. The rooms were spacious, beautifully furnished, and offered all the comforts needed for a comfortable stay. The staff was professional, accommodating, and went above and beyond to ensure a memorable experience. The hotel's central location allowed for easy exploration of Rome's historic sites. I would highly recommend Majestic Plaza Hotel for a remarkable stay in Rome.",Italy
86,Majestic Plaza Hotel,Rome,"I had high expectations for Majestic Plaza Hotel, but unfortunately, it fell short. The rooms were not properly cleaned, and the furnishings were worn out. The staff seemed indifferent and unresponsive to guests' concerns. The hotel's location, although central, was noisy and crowded. I would not recommend Majestic Plaza Hotel.",Italy
87,Emerald Sands Resort,Dubai,"My stay at Emerald Sands Resort was absolutely fantastic. The resort's luxurious amenities, stunning views, and impeccable service exceeded my expectations. The rooms were spacious, elegantly furnished, and offered breathtaking views of the Arabian Gulf. The staff was friendly, attentive, and made me feel like a valued guest. The resort's dining options, spa treatments, and beach access were outstanding. I would highly recommend Emerald Sands Resort for a luxurious and unforgettable stay in Dubai.",United Arab Emirates
88,Emerald Sands Resort,Dubai,"Emerald Sands Resort did not live up to its reputation. The rooms were not properly cleaned, and the furnishings were worn out. The staff seemed disengaged and unresponsive to guests' needs. The resort's amenities were subpar compared to other luxury options in the area. I would not recommend Emerald Sands Resort.",United Arab Emirates
89,Golden Valley Inn,Napa Valley,"Golden Valley Inn provided a delightful stay in Napa Valley. The inn's picturesque location amidst vineyards and rolling hills created a serene atmosphere. The rooms were comfortable, clean, and tastefully decorated. The staff was friendly, welcoming, and provided excellent recommendations for local wineries and dining options. The inn's breakfast, featuring fresh local produce, was a delicious start to the day. I would highly recommend Golden Valley Inn for a charming wine country getaway.",USA
90,Golden Valley Inn,Napa Valley,"My experience at Golden Valley Inn was underwhelming. The rooms were outdated and in need of renovation. The staff seemed disorganized and unable to provide satisfactory service. The inn's location was inconvenient, requiring long drives to popular wineries and attractions. I would not recommend Golden Valley Inn.",USA
91,Azure Bay Resort,Santorini,"Azure Bay Resort provided an unforgettable stay in Santorini. The resort's cliffside location, stunning views, and impeccable service were truly remarkable. The rooms were elegant, spacious, and beautifully designed. The staff was friendly, attentive, and made me feel like a valued guest. The resort's infinity pool and beach access were perfect for relaxation. I would highly recommend Azure Bay Resort for a luxurious and breathtaking experience in Santorini.",Greece
92,Azure Bay Resort,Santorini,"Unfortunately, my experience at Azure Bay Resort was disappointing. The rooms were overpriced for the quality provided. The staff seemed overwhelmed and unable to meet guests' needs. The resort's amenities were lacking, and the overall ambiance did not match the expectations. I would not recommend Azure Bay Resort.",Greece
93,Tropical Paradise Resort,Cancun,"My stay at Tropical Paradise Resort was absolutely incredible. The resort's beachfront location, turquoise waters, and warm hospitality created a true tropical paradise. The rooms were spacious, clean, and elegantly furnished. The staff was friendly, attentive, and provided exceptional service. The resort's amenities, including the pool, spa, and beach access, were outstanding. I would highly recommend Tropical Paradise Resort for an unforgettable beach vacation in Cancun.",Mexico
94,Tropical Paradise Resort,Cancun,"Tropical Paradise Resort did not meet my expectations. The rooms were in need of renovation and lacked basic amenities. The staff seemed overwhelmed and unable to provide satisfactory service. The resort's beachfront area was overcrowded, making it difficult to find a peaceful spot. I would not recommend Tropical Paradise Resort.",Mexico
95,Alpine Retreat Hotel,Zermatt,"Alpine Retreat Hotel provided a truly memorable stay in Zermatt. The hotel's cozy chalet-style ambiance, breathtaking mountain views, and attentive service were exceptional. The rooms were comfortable, beautifully furnished, and offered all the necessary amenities. The staff was friendly, accommodating, and provided excellent recommendations for outdoor activities. The hotel's spa facilities and dining options were outstanding. I would highly recommend Alpine Retreat Hotel for a remarkable stay in Zermatt.",Switzerland
96,Alpine Retreat Hotel,Zermatt,I had a disappointing experience at Alpine Retreat Hotel. The rooms were cramped and lacked proper soundproofing. The staff seemed overwhelmed and unable to provide satisfactory service. The hotel's dining options were limited and overpriced. I would not recommend Alpine Retreat Hotel.,Switzerland
97,Ocean Breeze Resort,Sydney,"Ocean Breeze Resort provided a fantastic beach getaway in Sydney. The resort's beachfront location, stunning views, and modern accommodations were outstanding. The rooms were spacious, clean, and tastefully decorated. The staff was friendly, attentive, and provided exceptional service. The resort's pool area, spa, and beach access were fantastic. I would highly recommend Ocean Breeze Resort for a memorable stay in Sydney.",Australia
98,Ocean Breeze Resort,Sydney,"Unfortunately, my experience at Ocean Breeze Resort was disappointing. The rooms were not properly cleaned, and the furnishings were worn out. The staff seemed overwhelmed and unable to provide satisfactory service. The resort's beach access was crowded and noisy. I would not recommend Ocean Breeze Resort.",Australia
99,Sunset Paradise Hotel,Bali,"Sunset Paradise Hotel provided a truly magical experience in Bali. The hotel's serene surroundings, stunning sunsets, and warm hospitality were remarkable. The rooms were spacious, clean, and offered beautiful views of the ocean. The staff was friendly, attentive, and went above and beyond to ensure a memorable stay. The hotel's pool area and beachfront dining were outstanding. I would highly recommend Sunset Paradise Hotel for an unforgettable stay in Bali.",Indonesia
100,Sunset Paradise Hotel,Bali,"I had a disappointing experience at Sunset Paradise Hotel. The rooms were outdated and in need of renovation. The staff seemed disinterested and unhelpful. The hotel's amenities were underwhelming, and the beach access was overcrowded. I would not recommend Sunset Paradise Hotel.",Indonesia
101,Mountain View Resort,Lake Tahoe,"Mountain View Resort provided a fantastic mountain retreat in Lake Tahoe. The resort's location amidst the breathtaking Sierra Nevada mountains and crystal-clear lake was awe-inspiring. The rooms were cozy, beautifully furnished, and offered stunning views of the natural surroundings. The staff was friendly, attentive, and provided exceptional service. The resort's amenities, including the pool and outdoor activities, were outstanding. I would highly recommend Mountain View Resort for a memorable stay in Lake Tahoe.",USA
102,Mountain View Resort,Lake Tahoe,"I had high expectations for Mountain View Resort, but unfortunately, it fell short. The rooms were not properly cleaned, and the furnishings were worn out. The staff seemed overwhelmed and unable to provide satisfactory service. The resort's amenities were lacking, and the overall ambiance did not match the expectations. I would not recommend Mountain View Resort.",USA
103,Coastal Haven Hotel,Gold Coast,"Coastal Haven Hotel provided a perfect beachfront getaway on the Gold Coast. The hotel's location right by the sandy beach and sparkling ocean was a dream come true. The rooms were spacious, clean, and offered beautiful views of the coastline. The staff was friendly, attentive, and provided exceptional service. The hotel's beach amenities, including sun loungers and umbrellas, made it easy to relax and enjoy the seaside. I would highly recommend Coastal Haven Hotel for an unforgettable beach vacation.",Australia
104,Coastal Haven Hotel,Gold Coast,"I had a disappointing experience at Coastal Haven Hotel. The rooms were not properly cleaned, and the furnishings were outdated. The staff seemed disengaged and unresponsive to guests' needs. The hotel's beachfront area was overcrowded and noisy. I would not recommend Coastal Haven Hotel.",Australia
